province_name,district_code,district_name,area_name,area_type,gender,group_all_ages,group_00_04,age_below_1,age_01,age_02,age_03,age_04,group_05_09,age_05,age_06,age_07,age_08,age_09,group_10_14,age_10,age_11,age_12,age_13,age_14,group_15_19,age_15,age_16,age_17,age_18,age_19,group_20_24,age_20,age_21,age_22,age_23,age_24,group_25_29,age_25,age_26,age_27,age_28,age_29,group_30_34,age_30,age_31,age_32,age_33,age_34,group_35_39,age_35,age_36,age_37,age_38,age_39,group_40_44,age_40,age_41,age_42,age_43,age_44,group_45_49,age_45,age_46,age_47,age_48,age_49,group_50_54,age_50,age_51,age_52,age_53,age_54,group_55_59,age_55,age_56,age_57,age_58,age_59,group_60_64,age_60,age_61,age_62,age_63,age_64,group_65_69,age_65,age_66,age_67,age_68,age_69,group_70_74,age_70,age_71,age_72,age_73,age_74,group_75_and_up
PUNJAB,066,RAHIM YAR KHAN DISTRICT,RAHIM YAR KHAN DISTRICT,TOTAL,ALL SEXES,4807762,695406,105991,136076,143095,153097,157147,754407,152295,148364,156643,155078,142027,587458,138178,117653,120428,106187,105012,493980,104628,99320,105931,92743,91358,415635,98725,83194,87245,74421,72050,356732,82112,67795,68339,71450,67036,307499,73623,64292,61731,56174,51679,271345,62241,51694,54258,52249,50903,215649,51890,45052,43370,38467,36870,181246,40529,33969,35830,35906,35012,150360,37632,31494,29760,27201,24273,105272,26855,20626,20519,18524,18748,96196,23329,19821,19147,18022,15877,68065,17515,13975,14004,12027,10544,48874,12764,10704,10039,8705,6662,59638
PUNJAB,066,RAHIM YAR KHAN DISTRICT,RAHIM YAR KHAN DISTRICT,TOTAL,MALE,2461780,356359,54720,69622,73117,78230,80670,394403,78706,76891,81833,81999,74974,312395,73952,62258,64545,56563,55077,254002,54849,50985,54110,47307,46751,208444,49844,42122,44032,37052,35394,173572,40334,33006,33897,34333,32002,150289,35606,31653,30525,27170,25335,138496,31573,26551,28722,25875,25775,107660,25869,22253,21717,19204,18617,92518,20539,17348,18820,18102,17709,79048,19587,16405,15634,14381,13041,55220,14363,11119,11091,9339,9308,48367,11843,9976,9631,9054,7863,35243,9056,7242,7564,6110,5271,25669,6663,5709,5304,4570,3423,30095
PUNJAB,066,RAHIM YAR KHAN DISTRICT,RAHIM YAR KHAN DISTRICT,TOTAL,FEMALE,2345413,339047,51271,66454,69978,74867,76477,360004,73589,71473,74810,73079,67053,275063,64226,55395,55883,49624,49935,239918,49765,48324,51813,45419,44597,207097,48853,41057,43188,37355,36644,183086,41753,34776,34432,37104,35021,157150,37992,32634,31193,28996,26335,132785,30639,25136,25527,26365,25118,107936,25993,22792,21645,19257,18249,88694,19976,16610,17005,17803,17300,71282,18031,15084,14120,12817,11230,50024,12478,9505,9421,9181,9439,47802,11474,9841,9510,8968,8009,32804,8450,6731,6438,5915,5270,23193,6095,4992,4733,4135,3238,29528
PUNJAB,066,RAHIM YAR KHAN DISTRICT,RAHIM YAR KHAN DISTRICT,TOTAL,TRANSGENDER,569,0,0,0,0,0,0,0,0,0,0,0,0,0,0,0,0,0,0,60,14,11,8,17,10,94,28,15,25,14,12,74,25,13,10,13,13,60,25,5,13,8,9,64,29,7,9,9,10,53,28,7,8,6,4,34,14,11,5,1,3,30,14,5,6,3,2,28,14,2,7,4,1,27,12,4,6,0,5,18,9,2,2,2,3,12,6,3,2,0,1,15
PUNJAB,066,RAHIM YAR KHAN DISTRICT,RAHIM YAR KHAN DISTRICT,RURAL,ALL SEXES,3776779,288161,83249,56084,59318,63511,66347,322321,64124,63072,66487,68409,60229,249005,61055,91270,97008,82039,82403,382131,81539,77170,80724,73443,69255,317166,78488,61835,67294,55804,53745,272470,64925,50478,51407,54639,51021,235343,57757,49006,47012,42300,39268,210517,48849,40014,42681,39780,39193,164495,39944,34603,33339,28758,27851,138232,31079,25922,27861,27013,26357,113823,28891,23949,22631,20297,18055,79990,20430,15479,15855,13956,14270,74885,18465,15289,14959,13857,12315,54537,13863,11210,11485,9551,8428,39392,10435,8630,8168,6835,5324,48330
PUNJAB,066,RAHIM YAR KHAN DISTRICT,RAHIM YAR KHAN DISTRICT,RURAL,MALE,1936497,275304,42901,53865,57300,60662,63129,293162,60012,58586,60561,60570,53433,217515,52745,48495,52100,43914,43441,196789,42910,39558,41350,37364,35607,159600,39550,31491,34106,27931,26522,133238,32014,24771,25767,26268,24418,114886,27784,24185,23292,20410,19215,107939,24910,20631,22779,19677,19942,81714,19742,17036,16636,14299,14001,70445,15692,13191,14632,13592,13338,59947,15015,12560,11877,10759,9736,41773,10889,8324,8491,7047,7022,37391,9334,7595,7429,6957,6076,28239,7131,5810,6262,4827,4209,20629,5454,4621,4292,3569,2693,24420
PUNJAB,066,RAHIM YAR KHAN DISTRICT,RAHIM YAR KHAN DISTRICT,RURAL,FEMALE,1839911,0,40348,0,0,0,0,0,0,0,0,0,0,0,0,42775,44908,38125,38962,185292,38617,37602,39368,36063,33642,157510,38921,30335,33172,27865,27217,139194,32898,25700,25635,28365,26596,120417,29958,24819,23709,21885,20046,102540,23921,19378,19897,20097,19247,82748,20182,17563,16699,14456,13848,67764,15376,12723,13227,13420,13018,53855,13868,11385,10748,9536,8318,38198,9531,7154,7360,6906,7247,37470,9122,7690,7524,6900,6234,26288,6727,5399,5222,4723,4217,18757,4980,4007,3874,3266,2630,23897
PUNJAB,066,RAHIM YAR KHAN DISTRICT,RAHIM YAR KHAN DISTRICT,RURAL,TRANSGENDER,371,68198,0,26127,26477,28924,27671,72082,28159,26706,29595,26099,28365,63390,24378,0,0,0,0,50,12,10,6,16,6,56,17,9,16,8,6,38,13,7,5,6,7,40,15,2,11,5,7,38,18,5,5,6,4,33,20,4,4,3,2,23,11,8,2,1,1,21,8,4,6,2,1,19,10,1,4,3,1,24,9,4,6,0,5,10,5,1,1,1,2,6,1,2,2,0,1,13
PUNJAB,066,RAHIM YAR KHAN DISTRICT,RAHIM YAR KHAN DISTRICT,URBAN,ALL SEXES,1030983,63743,22742,13538,13799,14719,14323,66842,14582,13819,15346,13590,14745,57548,12897,26383,23420,24148,22609,111849,23089,22150,25207,19300,22103,98469,20237,21359,19951,18617,18305,84262,17187,17317,16932,16811,16015,72156,15866,15286,14719,13874,12411,60828,13392,11680,11577,12469,11710,51154,11946,10449,10031,9709,9019,43014,9450,8047,7969,8893,8655,36537,8741,7545,7129,6904,6218,25282,6425,5147,4664,4568,4478,21311,4864,4532,4188,4165,3562,13528,3652,2765,2519,2476,2116,9482,2329,2074,1871,1870,1338,11308
PUNJAB,066,RAHIM YAR KHAN DISTRICT,RAHIM YAR KHAN DISTRICT,URBAN,MALE,525283,0,11819,12589,12678,14205,13348,0,13577,12887,14249,12509,13620,0,11481,13763,12445,12649,11636,57213,11939,11427,12760,9943,11144,48844,10294,10631,9926,9121,8872,40334,8320,8235,8130,8065,7584,35403,7822,7468,7233,6760,6120,30557,6663,5920,5943,6198,5833,25946,6127,5217,5081,4905,4616,22073,4847,4157,4188,4510,4371,19101,4572,3845,3757,3622,3305,13447,3474,2795,2600,2292,2286,10976,2509,2381,2202,2097,1787,7004,1925,1432,1302,1283,1062,5040,1209,1088,1012,1001,730,5675
PUNJAB,066,RAHIM YAR KHAN DISTRICT,RAHIM YAR KHAN DISTRICT,URBAN,FEMALE,505502,0,10923,0,0,0,0,0,0,0,0,0,0,0,0,12620,10975,11499,10973,54626,11148,10722,12445,9356,10955,49587,9932,10722,10016,9490,9427,43892,8855,9076,8797,8739,8425,36733,8034,7815,7484,7111,6289,30245,6718,5758,5630,6268,5871,25188,5811,5229,4946,4801,4401,20930,4600,3887,3778,4383,4282,17427,4163,3699,3372,3281,2912,11826,2947,2351,2061,2275,2192,10332,2352,2151,1986,2068,1775,6516,1723,1332,1216,1192,1053,4436,1115,985,859,869,608,5631
PUNJAB,066,RAHIM YAR KHAN DISTRICT,RAHIM YAR KHAN DISTRICT,URBAN,TRANSGENDER,198,0,0,0,0,0,0,0,0,0,0,0,0,0,0,0,0,0,0,10,2,1,2,1,4,38,11,6,9,6,6,36,12,6,5,7,6,20,10,3,2,3,2,26,11,2,4,3,6,20,8,3,4,3,2,11,3,3,3,0,2,9,6,1,0,1,1,9,4,1,3,1,0,3,3,0,0,0,0,8,4,1,1,1,1,6,5,1,0,0,0,2
PUNJAB,066,RAHIM YAR KHAN DISTRICT,KHANPUR TEHSIL,TOTAL,ALL SEXES,982085,135431,20468,25751,28088,29992,31132,150047,30061,29180,31145,30970,28691,119715,27804,23769,24573,22059,21510,103812,22470,20706,22552,19129,18955,88156,20787,17649,18823,15877,15020,73151,17284,13551,14253,14742,13321,60710,15397,12448,12043,10896,9926,55068,13295,10155,11006,10519,10093,44698,11031,9078,8971,7963,7655,37886,8891,6785,7460,7450,7300,31789,8291,6504,6250,5702,5042,21828,6053,4080,4202,3697,3796,20656,5125,4156,4038,3929,3408,14862,3976,2942,3041,2612,2291,10923,2899,2412,2239,1931,1442,13353
PUNJAB,066,RAHIM YAR KHAN DISTRICT,KHANPUR TEHSIL,TOTAL,MALE,500670,69440,10640,13056,14497,15294,15953,78512,15564,15086,16241,16371,15250,63651,14957,12650,13192,11747,11105,52443,11636,10479,11371,9523,9434,44379,10457,8931,9627,7955,7409,35462,8579,6475,7125,7043,6240,29356,7537,6060,5818,5219,4722,27837,6726,5098,5733,5135,5145,22070,5538,4382,4425,3894,3831,19267,4531,3421,3888,3726,3701,16682,4370,3370,3310,2962,2670,11468,3247,2225,2281,1872,1843,10264,2594,2114,2032,1915,1609,7614,2018,1524,1635,1319,1118,5587,1451,1252,1158,991,735,6638
PUNJAB,066,RAHIM YAR KHAN DISTRICT,KHANPUR TEHSIL,TOTAL,FEMALE,481300,65991,9828,12695,13591,14698,15179,71535,14497,14094,14904,14599,13441,56064,12847,11119,11381,10312,10405,51358,10829,10225,11180,9606,9518,43757,10324,8716,9191,7919,7607,37679,8703,7075,7127,7697,7077,31343,7857,6387,6224,5674,5201,27213,6557,5057,5270,5383,4946,22618,5486,4695,4545,4068,3824,18612,4358,3362,3570,3724,3598,15099,3919,3133,2938,2738,2371,10353,2803,1854,1919,1824,1953,10386,2528,2041,2004,2014,1799,7244,1955,1418,1406,1293,1172,5335,1447,1160,1081,940,707,6713
PUNJAB,066,RAHIM YAR KHAN DISTRICT,KHANPUR TEHSIL,TOTAL,TRANSGENDER,115,0,0,0,0,0,0,0,0,0,0,0,0,0,0,0,0,0,0,11,5,2,1,0,3,20,6,2,5,3,4,10,2,1,1,2,4,11,3,1,1,3,3,18,12,0,3,1,2,10,7,1,1,1,0,7,2,2,2,0,1,8,2,1,2,2,1,7,3,1,2,1,0,6,3,1,2,0,0,4,3,0,0,0,1,1,1,0,0,0,0,2
PUNJAB,066,RAHIM YAR KHAN DISTRICT,KHANPUR TEHSIL,RURAL,ALL SEXES,749218,54364,15629,20332,21998,23401,24795,62022,23672,23105,24453,24870,22228,92118,22043,18002,19094,16600,16379,78289,17076,15730,16944,14547,13992,65634,15982,12801,14170,11693,10988,54444,13421,9835,10367,11011,9810,45093,11911,9086,8751,8031,7314,41258,10135,7621,8113,7919,7470,33333,8425,6786,6696,5778,5648,28137,6722,5105,5475,5528,5307,23748,6409,4752,4614,4223,3750,16203,4570,2998,3064,2760,2811,15675,4010,3118,3062,2927,2558,11596,3128,2244,2368,2055,1801,8635,2358,1887,1762,1483,1145,10572
PUNJAB,066,RAHIM YAR KHAN DISTRICT,KHANPUR TEHSIL,RURAL,MALE,382228,51791,8099,10284,11312,11960,12709,56306,12218,11993,12774,13170,11867,49092,11845,9601,10278,8854,8514,39491,8773,7956,8493,7280,6989,33148,8029,6516,7270,5931,5402,26537,6732,4715,5257,5253,4580,21712,5795,4414,4201,3823,3479,20945,5163,3805,4278,3849,3850,16348,4188,3266,3304,2778,2812,14249,3398,2535,2884,2746,2686,12443,3353,2471,2449,2202,1968,8440,2434,1619,1656,1384,1347,7768,2012,1572,1533,1437,1214,5959,1575,1170,1286,1047,881,4408,1192,973,916,756,571,5302
PUNJAB,066,RAHIM YAR KHAN DISTRICT,KHANPUR TEHSIL,RURAL,FEMALE,366927,0,7530,10048,10686,11441,12086,0,11454,11112,11679,11700,10361,43026,10198,8401,8816,7746,7865,38789,8299,7772,8451,7267,7000,32476,7951,6283,6898,5760,5584,27904,6689,5120,5110,5757,5228,23374,6115,4672,4549,4206,3832,20304,4965,3816,3834,4069,3620,16981,4233,3520,3392,3000,2836,13885,3323,2569,2590,2782,2621,11300,3056,2280,2163,2020,1781,7757,2133,1378,1407,1375,1464,7902,1996,1545,1527,1490,1344,5636,1553,1074,1082,1008,919,4227,1166,914,846,727,574,5269
PUNJAB,066,RAHIM YAR KHAN DISTRICT,KHANPUR TEHSIL,RURAL,TRANSGENDER,63,29276,0,0,0,0,0,31719,0,0,0,0,0,0,0,0,0,0,0,9,4,2,0,0,3,10,2,2,2,2,2,3,0,0,0,1,2,7,1,0,1,2,3,9,7,0,1,1,0,4,4,0,0,0,0,3,1,1,1,0,0,5,0,1,2,1,1,6,3,1,1,1,0,5,2,1,2,0,0,1,0,0,0,0,1,0,0,0,0,0,0,1
PUNJAB,066,RAHIM YAR KHAN DISTRICT,KHANPUR TEHSIL,URBAN,ALL SEXES,232867,15076,4839,5419,6090,6591,6337,16490,6389,6075,6692,6100,6463,27597,5761,5767,5479,5459,5131,25523,5394,4976,5608,4582,4963,22522,4805,4848,4653,4184,4032,18707,3863,3716,3886,3731,3511,15617,3486,3362,3292,2865,2612,13810,3160,2534,2893,2600,2623,11365,2606,2292,2275,2185,2007,9749,2169,1680,1985,1922,1993,8041,1882,1752,1636,1479,1292,5625,1483,1082,1138,937,985,4981,1115,1038,976,1002,850,3266,848,698,673,557,490,2288,541,525,477,448,297,2781
PUNJAB,066,RAHIM YAR KHAN DISTRICT,KHANPUR TEHSIL,URBAN,MALE,118442,14200,2541,2772,3185,3334,3244,15229,3346,3093,3467,3201,3383,14559,3112,3049,2914,2893,2591,12952,2863,2523,2878,2243,2445,11231,2428,2415,2357,2024,2007,8925,1847,1760,1868,1790,1660,7644,1742,1646,1617,1396,1243,6892,1563,1293,1455,1286,1295,5722,1350,1116,1121,1116,1019,5018,1133,886,1004,980,1015,4239,1017,899,861,760,702,3028,813,606,625,488,496,2496,582,542,499,478,395,1655,443,354,349,272,237,1179,259,279,242,235,164,1336
PUNJAB,066,RAHIM YAR KHAN DISTRICT,KHANPUR TEHSIL,URBAN,FEMALE,114373,0,2298,2647,2905,3257,3093,0,3043,2982,3225,2899,3080,13038,2649,2718,2565,2566,2540,12569,2530,2453,2729,2339,2518,11281,2373,2433,2293,2159,2023,9775,2014,1955,2017,1940,1849,7969,1742,1715,1675,1468,1369,6909,1592,1241,1436,1314,1326,5637,1253,1175,1153,1068,988,4727,1035,793,980,942,977,3799,863,853,775,718,590,2596,670,476,512,449,489,2484,532,496,477,524,455,1608,402,344,324,285,253,1108,281,246,235,213,133,1444
PUNJAB,066,RAHIM YAR KHAN DISTRICT,KHANPUR TEHSIL,URBAN,TRANSGENDER,52,0,0,0,0,0,0,0,0,0,0,0,0,0,0,0,0,0,0,2,1,0,1,0,0,10,4,0,3,1,2,7,2,1,1,1,2,4,2,1,0,1,0,9,5,0,2,0,2,6,3,1,1,1,0,4,1,1,1,0,1,3,2,0,0,1,0,1,0,0,1,0,0,1,1,0,0,0,0,3,3,0,0,0,0,1,1,0,0,0,0,1
PUNJAB,066,RAHIM YAR KHAN DISTRICT,LIAQUATPUR TEHSIL,TOTAL,ALL SEXES,1033906,151890,22202,29188,31121,34137,35242,170408,34557,32880,35810,35221,31940,126534,30854,24891,26244,22250,22295,103043,21995,20873,22579,19045,18551,84733,20649,16757,17968,15051,14308,74440,17201,13630,14566,14455,14588,64363,14896,13917,13192,11558,10800,57545,12706,10737,12601,10394,11107,44492,9908,9499,9715,7759,7611,38659,7917,7210,8437,7364,7731,31870,7534,7011,6810,5473,5042,22770,5126,4455,5052,3917,4220,21748,4969,4656,4545,4059,3519,15936,3630,3413,3654,2750,2489,11335,2727,2620,2537,1955,1496,14140
PUNJAB,066,RAHIM YAR KHAN DISTRICT,LIAQUATPUR TEHSIL,TOTAL,MALE,526980,77721,11328,15002,15772,17436,18183,88671,17780,16967,18579,18584,16761,67465,16461,13296,14177,11933,11598,52610,11567,10556,11368,9687,9432,42117,10370,8490,8984,7324,6949,36020,8390,6571,7128,7016,6915,31302,7119,6841,6473,5562,5307,29078,6424,5484,6516,5111,5543,22039,4882,4583,4744,3978,3852,19422,3939,3644,4273,3724,3842,16719,3938,3631,3474,2919,2757,11733,2756,2422,2560,1936,2059,10751,2504,2280,2158,2040,1769,8235,1862,1771,1919,1395,1288,5991,1418,1425,1294,1077,777,7106
PUNJAB,066,RAHIM YAR KHAN DISTRICT,LIAQUATPUR TEHSIL,TOTAL,FEMALE,506794,74169,10874,14186,15349,16701,17059,81737,16777,15913,17231,16637,15179,59069,14393,11595,12067,10317,10697,50421,10426,10314,11210,9353,9118,42597,10273,8263,8978,7727,7356,38402,8803,7057,7435,7435,7672,33044,7770,7074,6715,5994,5491,28456,6276,5251,6083,5282,5564,22441,5019,4913,4971,3779,3759,19227,3973,3562,4164,3640,3888,15143,3592,3378,3335,2553,2285,11032,2367,2033,2490,1981,2161,10988,2460,2375,2387,2019,1747,7697,1765,1642,1735,1354,1201,5341,1309,1194,1241,878,719,7030
PUNJAB,066,RAHIM YAR KHAN DISTRICT,LIAQUATPUR TEHSIL,TOTAL,TRANSGENDER,132,0,0,0,0,0,0,0,0,0,0,0,0,0,0,0,0,0,0,12,2,3,1,5,1,19,6,4,6,0,3,18,8,2,3,4,1,17,7,2,4,2,2,11,6,2,2,1,0,12,7,3,0,2,0,10,5,4,0,0,1,8,4,2,1,1,0,5,3,0,2,0,0,9,5,1,0,0,3,4,3,0,0,1,0,3,0,1,2,0,0,4
PUNJAB,066,RAHIM YAR KHAN DISTRICT,LIAQUATPUR TEHSIL,RURAL,ALL SEXES,982018,74315,21125,27809,29800,32689,33865,84933,33138,31529,34279,33863,30356,64167,29617,23544,25043,21067,21150,97407,20794,19736,21227,18170,17480,79873,19682,15621,17021,14147,13402,70242,16397,12790,13716,13647,13692,60857,14203,13124,12457,10906,10167,54612,12134,10183,11973,9820,10502,42002,9437,8981,9147,7247,7190,36479,7488,6810,8009,6919,7253,29972,7145,6596,6396,5126,4709,21464,4844,4198,4777,3696,3949,20593,4733,4383,4300,3850,3327,15217,3479,3259,3496,2609,2374,10884,2640,2524,2431,1860,1429,13542
PUNJAB,066,RAHIM YAR KHAN DISTRICT,LIAQUATPUR TEHSIL,RURAL,MALE,500742,70973,10778,14286,15058,16712,17481,78232,17056,16283,17797,17850,15947,56254,15806,12582,13501,11283,10995,49800,10945,10004,10690,9255,8906,39802,9882,7935,8540,6903,6542,34036,7984,6193,6740,6626,6493,29593,6768,6455,6121,5263,4986,27635,6150,5205,6200,4829,5251,20787,4657,4330,4479,3697,3624,18312,3711,3451,4062,3496,3592,15719,3727,3420,3266,2728,2578,11037,2584,2273,2429,1839,1912,10165,2390,2141,2040,1937,1657,7865,1783,1691,1844,1319,1228,5768,1375,1388,1243,1025,737,6808
PUNJAB,066,RAHIM YAR KHAN DISTRICT,LIAQUATPUR TEHSIL,RURAL,FEMALE,481157,0,10347,13523,14742,15977,16384,0,16082,15246,16482,16013,14409,0,13811,10962,11542,9784,10155,47595,9847,9729,10536,8910,8573,40054,9794,7683,8475,7244,6858,36192,8406,6595,6974,7019,7198,31248,7428,6667,6332,5642,5179,26969,5980,4976,5771,4991,5251,21203,4773,4648,4668,3548,3566,18159,3772,3356,3947,3423,3661,14245,3414,3174,3129,2397,2131,10423,2257,1925,2347,1857,2037,10419,2338,2241,2260,1913,1667,7348,1693,1568,1652,1289,1146,5113,1265,1135,1186,835,692,6730
PUNJAB,066,RAHIM YAR KHAN DISTRICT,LIAQUATPUR TEHSIL,RURAL,TRANSGENDER,119,6602,0,0,0,0,0,7243,0,0,0,0,0,6113,0,0,0,0,0,12,2,3,1,5,1,17,6,3,6,0,2,14,7,2,2,2,1,16,7,2,4,1,2,8,4,2,2,0,0,12,7,3,0,2,0,8,5,3,0,0,0,8,4,2,1,1,0,4,3,0,1,0,0,9,5,1,0,0,3,4,3,0,0,1,0,3,0,1,2,0,0,4
PUNJAB,066,RAHIM YAR KHAN DISTRICT,LIAQUATPUR TEHSIL,URBAN,ALL SEXES,51888,3406,1077,1379,1321,1448,1377,3738,1419,1351,1531,1358,1584,3298,1237,1347,1201,1183,1145,5636,1201,1137,1352,875,1071,4860,967,1136,947,904,906,4198,804,840,850,808,896,3506,693,793,735,652,633,2933,572,554,628,574,605,2490,471,518,568,512,421,2180,429,400,428,445,478,1898,389,415,414,347,333,1306,282,257,275,221,271,1155,236,273,245,209,192,719,151,154,158,141,115,451,87,96,106,95,67,598
PUNJAB,066,RAHIM YAR KHAN DISTRICT,LIAQUATPUR TEHSIL,URBAN,MALE,26238,3196,550,716,714,724,702,3505,724,684,782,734,814,2815,655,714,676,650,603,2810,622,552,678,432,526,2315,488,555,444,421,407,1984,406,378,388,390,422,1709,351,386,352,299,321,1443,274,279,316,282,292,1252,225,253,265,281,228,1110,228,193,211,228,250,1000,211,211,208,191,179,696,172,149,131,97,147,586,114,139,118,103,112,370,79,80,75,76,60,223,43,37,51,52,40,298
PUNJAB,066,RAHIM YAR KHAN DISTRICT,LIAQUATPUR TEHSIL,URBAN,FEMALE,25637,0,527,663,607,724,675,0,695,667,749,624,770,0,582,633,525,533,542,2826,579,585,674,443,545,2543,479,580,503,483,498,2210,397,462,461,416,474,1796,342,407,383,352,312,1487,296,275,312,291,313,1238,246,265,303,231,193,1068,201,206,217,217,227,898,178,204,206,156,154,609,110,108,143,124,124,569,122,134,127,106,80,349,72,74,83,65,55,228,44,59,55,43,27,300
PUNJAB,066,RAHIM YAR KHAN DISTRICT,LIAQUATPUR TEHSIL,URBAN,TRANSGENDER,13,0,0,0,0,0,0,0,0,0,0,0,0,0,0,0,0,0,0,0,0,0,0,0,0,2,0,1,0,0,1,4,1,0,1,2,0,1,0,0,0,1,0,3,2,0,0,1,0,0,0,0,0,0,0,2,0,1,0,0,1,0,0,0,0,0,0,1,0,0,1,0,0,0,0,0,0,0,0,0,0,0,0,0,0,0,0,0,0,0,0,0
PUNJAB,066,RAHIM YAR KHAN DISTRICT,RAHIM YAR KHAN TEHSIL,TOTAL,ALL SEXES,1530183,214747,33109,42967,44150,46782,47739,231270,46911,45661,47653,47083,43962,186144,42303,37929,37883,34094,33935,160589,33028,32170,32849,31904,30638,137785,32291,27319,29143,24792,24240,116116,27185,22721,21513,23954,20743,100325,25068,20212,20007,18735,16303,86595,21210,16010,15898,17485,15992,70588,18592,14143,13308,12672,11873,58125,14301,10515,10376,11920,11013,49249,13374,9504,9004,9274,8093,34384,9840,6617,5914,6119,5894,30178,8020,5951,5677,5582,4948,20705,6043,3995,3798,3732,3137,15210,4364,3014,2859,2866,2107,18173
PUNJAB,066,RAHIM YAR KHAN DISTRICT,RAHIM YAR KHAN TEHSIL,TOTAL,MALE,784275,110284,17047,22062,22645,24030,24500,120767,24294,23699,24849,24854,23071,98513,22529,19855,20159,18010,17960,82795,17314,16542,16926,16339,15674,68910,16246,13687,14648,12383,11946,56471,13525,11205,10524,11382,9835,49396,12287,9921,10009,9153,8026,44257,10859,8240,8501,8610,8047,35420,9298,7146,6817,6260,5899,29645,7263,5403,5603,5866,5510,25784,6915,4930,4829,4788,4322,18217,5225,3627,3344,3072,2949,15418,4150,3098,2945,2795,2430,10867,3190,2106,2141,1893,1537,8224,2366,1640,1587,1528,1103,9307
PUNJAB,066,RAHIM YAR KHAN DISTRICT,RAHIM YAR KHAN TEHSIL,TOTAL,FEMALE,745707,104463,16062,20905,21505,22752,23239,110503,22617,21962,22804,22229,20891,87631,19774,18074,17724,16084,15975,77765,15710,15622,15918,15556,14959,68838,16034,13626,14486,12401,12291,59619,13651,11509,10987,12567,10905,50912,12774,10290,9994,9579,8275,42316,10342,7766,7395,8872,7941,35145,9284,6995,6485,6409,5972,28469,7034,5109,4771,6053,5502,23457,6453,4574,4174,4486,3770,16159,4610,2989,2569,3046,2945,14753,3866,2852,2731,2787,2517,9833,2851,1889,1656,1838,1599,6983,1996,1373,1272,1338,1004,8861
PUNJAB,066,RAHIM YAR KHAN DISTRICT,RAHIM YAR KHAN TEHSIL,TOTAL,TRANSGENDER,201,0,0,0,0,0,0,0,0,0,0,0,0,0,0,0,0,0,0,29,4,6,5,9,5,37,11,6,9,8,3,26,9,7,2,5,3,17,7,1,4,3,2,22,9,4,2,3,4,23,10,2,6,3,2,11,4,3,2,1,1,8,6,0,1,0,1,8,5,1,1,1,0,7,4,1,1,0,1,5,2,0,1,1,1,3,2,1,0,0,0,5
PUNJAB,066,RAHIM YAR KHAN DISTRICT,RAHIM YAR KHAN TEHSIL,RURAL,ALL SEXES,1045577,78799,22618,30797,31925,33457,35058,87265,33650,33302,33904,35076,30745,68680,30965,25408,26893,22750,23269,107961,22305,21818,21061,22655,20122,91060,22753,17338,19530,15925,15514,76228,18894,14403,13694,15892,13345,65835,17113,13151,13030,11982,10559,58008,14522,10583,10865,11412,10626,46171,12492,9304,8675,8148,7552,37844,9505,6796,6820,7676,7047,31870,8797,6195,5857,5914,5107,22210,6540,4116,3887,3850,3817,20272,5591,3903,3752,3713,3313,14521,4198,2779,2776,2595,2173,10787,3209,2088,2049,1977,1464,12993
PUNJAB,066,RAHIM YAR KHAN DISTRICT,RAHIM YAR KHAN TEHSIL,RURAL,MALE,536887,75056,11640,15756,16245,17218,17940,79412,17413,17262,17691,18670,16229,60605,16549,13280,14314,12097,12440,55688,11765,11161,10944,11471,10347,45714,11426,8711,9878,7967,7732,37372,9471,7213,6778,7556,6354,32444,8409,6476,6539,5838,5182,29867,7506,5473,5864,5622,5402,23036,6207,4712,4407,4008,3702,19239,4839,3472,3639,3759,3530,16749,4552,3249,3144,3057,2747,11745,3493,2254,2186,1927,1885,10221,2882,1977,1912,1839,1611,7608,2209,1469,1581,1285,1064,5812,1752,1130,1140,1033,757,6648
PUNJAB,066,RAHIM YAR KHAN DISTRICT,RAHIM YAR KHAN TEHSIL,RURAL,FEMALE,508580,0,10978,15041,15680,16239,17118,0,16237,16040,16213,16406,14516,0,14416,12128,12579,10653,10829,52250,10536,10652,10113,11176,9773,45326,11322,8625,9646,7953,7780,38846,9420,7187,6915,8334,6990,33384,8702,6675,6489,6142,5376,28128,7010,5107,5000,5788,5223,23125,6279,4592,4265,4139,3850,18598,4664,3321,3181,3916,3516,15116,4241,2946,2712,2857,2360,10462,3045,1862,1701,1922,1932,10046,2707,1925,1839,1874,1701,6912,1988,1310,1195,1310,1109,4974,1457,957,909,944,707,6340
PUNJAB,066,RAHIM YAR KHAN DISTRICT,RAHIM YAR KHAN TEHSIL,RURAL,TRANSGENDER,110,60892,0,0,0,0,0,64593,0,0,0,0,0,56859,0,0,0,0,0,23,4,5,4,8,2,20,5,2,6,5,2,10,3,3,1,2,1,7,2,0,2,2,1,13,6,3,1,2,1,10,6,0,3,1,0,7,2,3,0,1,1,5,4,0,1,0,0,3,2,0,0,1,0,5,2,1,1,0,1,1,1,0,0,0,0,1,0,1,0,0,0,5
PUNJAB,066,RAHIM YAR KHAN DISTRICT,RAHIM YAR KHAN TEHSIL,URBAN,ALL SEXES,484606,31485,10491,12170,12225,13325,12681,33502,13261,12359,13749,12007,13217,29833,11338,12521,10990,11344,10666,52628,10723,10352,11788,9249,10516,46725,9538,9981,9613,8867,8726,39888,8291,8318,7819,8062,7398,34490,7955,7061,6977,6753,5744,28587,6688,5427,5033,6073,5366,24417,6100,4839,4633,4524,4321,20281,4796,3719,3556,4244,3966,17379,4577,3309,3147,3360,2986,12174,3300,2501,2027,2269,2077,9906,2429,2048,1925,1869,1635,6184,1845,1216,1022,1137,964,4423,1155,926,810,889,643,5180
PUNJAB,066,RAHIM YAR KHAN DISTRICT,RAHIM YAR KHAN TEHSIL,URBAN,MALE,247388,29407,5407,6306,6400,6812,6560,31091,6881,6437,7158,6184,6842,27026,5980,6575,5845,5913,5520,27107,5549,5381,5982,4868,5327,23196,4820,4976,4770,4416,4214,19099,4054,3992,3746,3826,3481,16952,3878,3445,3470,3315,2844,14390,3353,2767,2637,2988,2645,12384,3091,2434,2410,2252,2197,10406,2424,1931,1964,2107,1980,9035,2363,1681,1685,1731,1575,6472,1732,1373,1158,1145,1064,5197,1268,1121,1033,956,819,3259,981,637,560,608,473,2412,614,510,447,495,346,2659
PUNJAB,066,RAHIM YAR KHAN DISTRICT,RAHIM YAR KHAN TEHSIL,URBAN,FEMALE,237127,0,5084,5864,5825,6513,6121,0,6380,5922,6591,5823,6375,0,5358,5946,5145,5431,5146,25515,5174,4970,5805,4380,5186,23512,4712,5001,4840,4448,4511,20773,4231,4322,4072,4233,3915,17528,4072,3615,3505,3437,2899,14188,3332,2659,2395,3084,2718,12020,3005,2403,2220,2270,2122,9871,2370,1788,1590,2137,1986,8341,2212,1628,1462,1629,1410,5697,1565,1127,868,1124,1013,4707,1159,927,892,913,816,2921,863,579,461,528,490,2009,539,416,363,394,297,2521
PUNJAB,066,RAHIM YAR KHAN DISTRICT,RAHIM YAR KHAN TEHSIL,URBAN,TRANSGENDER,91,0,0,0,0,0,0,0,0,0,0,0,0,0,0,0,0,0,0,6,0,1,1,1,3,17,6,4,3,3,1,16,6,4,1,3,2,10,5,1,2,1,1,9,3,1,1,1,3,13,4,2,3,2,2,4,2,0,2,0,0,3,2,0,0,0,1,5,3,1,1,0,0,2,2,0,0,0,0,4,1,0,1,1,1,2,2,0,0,0,0,0
PUNJAB,066,RAHIM YAR KHAN DISTRICT,SADIQABAD TEHSIL,TOTAL,ALL SEXES,1261588,193338,30212,38170,39736,42186,43034,202682,40766,40643,42035,41804,37434,155065,37217,31064,31728,27784,27272,126536,27135,25571,27951,22665,23214,104961,24998,21469,21311,18701,18482,93025,20442,17893,18007,18299,18384,82101,18262,17715,16489,14985,14650,72137,15030,14792,14753,13851,13711,55871,12359,12332,11376,10073,9731,46576,9420,9459,9557,9172,8968,37452,8433,8475,7696,6752,6096,26290,5836,5474,5351,4791,4838,23614,5215,5058,4887,4452,4002,16562,3866,3625,3511,2933,2627,11406,2774,2658,2404,1953,1617,13972
PUNJAB,066,RAHIM YAR KHAN DISTRICT,SADIQABAD TEHSIL,TOTAL,MALE,649855,98914,15705,19502,20203,21470,22034,106453,21068,21139,22164,22190,19892,82766,20005,16457,17017,14873,14414,66154,14332,13408,14445,11758,12211,53038,12771,11014,10773,9390,9090,45619,9840,8755,9120,8892,9012,40235,8663,8831,8225,7236,7280,37324,7564,7729,7972,7019,7040,28131,6151,6142,5731,5072,5035,24184,4806,4880,5056,4786,4656,19863,4364,4474,4021,3712,3292,13802,3135,2845,2906,2459,2457,11934,2595,2484,2496,2304,2055,8527,1986,1841,1869,1503,1328,5867,1428,1392,1265,974,808,7044
PUNJAB,066,RAHIM YAR KHAN DISTRICT,SADIQABAD TEHSIL,TOTAL,FEMALE,611612,94424,14507,18668,19533,20716,21000,96229,19698,19504,19871,19614,17542,72299,17212,14607,14711,12911,12858,60374,12800,12163,13505,10904,11002,51905,12222,10452,10533,9308,9390,47386,10596,9135,8883,9405,9367,41851,9591,8883,8260,7749,7368,34800,7464,7062,6779,6828,6667,27732,6204,6189,5644,5001,4694,22386,4611,4577,4500,4386,4312,17583,4067,3999,3673,3040,2804,12480,2698,2629,2443,2330,2380,11675,2620,2573,2388,2148,1946,8030,1879,1782,1641,1430,1298,5534,1343,1265,1139,979,808,6924
PUNJAB,066,RAHIM YAR KHAN DISTRICT,SADIQABAD TEHSIL,TOTAL,TRANSGENDER,121,0,0,0,0,0,0,0,0,0,0,0,0,0,0,0,0,0,0,8,3,0,1,3,1,18,5,3,5,3,2,20,6,3,4,2,5,15,8,1,4,0,2,13,2,1,2,4,4,8,4,1,1,0,2,6,3,2,1,0,0,6,2,2,2,0,0,8,3,0,2,2,1,5,0,1,3,0,1,5,1,2,1,0,1,5,3,1,0,0,1,4
PUNJAB,066,RAHIM YAR KHAN DISTRICT,SADIQABAD TEHSIL,RURAL,ALL SEXES,999966,80683,23877,31011,32895,34626,35758,88101,33676,33722,34412,35170,30333,67066,31175,24316,25978,21622,21605,98474,21364,19886,21492,18071,17661,80599,20071,16075,16573,14039,13841,71556,16213,13450,13630,14089,14174,63558,14530,13645,12774,11381,11228,56639,12058,11627,11730,10629,10595,42989,9590,9532,8821,7585,7461,35772,7364,7211,7557,6890,6750,28233,6540,6406,5764,5034,4489,20113,4476,4167,4127,3650,3693,18345,4131,3885,3845,3367,3117,13203,3058,2928,2845,2292,2080,9086,2228,2131,1926,1515,1286,11223
PUNJAB,066,RAHIM YAR KHAN DISTRICT,SADIQABAD TEHSIL,RURAL,MALE,516640,77484,12384,15758,16703,17621,18217,79212,17437,17534,18225,18719,16186,57630,16855,13032,14007,11680,11492,51810,11427,10437,11223,9358,9365,40936,10213,8329,8418,7130,6846,35293,7827,6650,6992,6833,6991,31137,6812,6840,6431,5486,5568,29492,6091,6148,6437,5377,5439,21543,4690,4728,4446,3816,3863,18645,3744,3733,4047,3591,3530,15036,3383,3420,3018,2772,2443,10551,2378,2178,2220,1897,1878,9237,2050,1905,1944,1744,1594,6807,1564,1480,1551,1176,1036,4641,1135,1130,993,755,628,5662
PUNJAB,066,RAHIM YAR KHAN DISTRICT,SADIQABAD TEHSIL,RURAL,FEMALE,483247,0,11493,15253,16192,17005,17541,0,16239,16188,16187,16451,14147,0,14320,11284,11971,9942,10113,46658,9935,9449,10268,8710,8296,39654,9854,7744,8153,6908,6995,36252,8383,6798,6636,7255,7180,32411,7713,6805,6339,5895,5659,27139,5966,5479,5292,5249,5153,21439,4897,4803,4374,3769,3596,17122,3617,3477,3509,3299,3220,13194,3157,2985,2744,2262,2046,9556,2096,1989,1905,1752,1814,9103,2081,1979,1898,1623,1522,6392,1493,1447,1293,1116,1043,4443,1092,1001,933,760,657,5558
PUNJAB,066,RAHIM YAR KHAN DISTRICT,SADIQABAD TEHSIL,RURAL,TRANSGENDER,79,35171,0,0,0,0,0,35369,0,0,0,0,0,30369,0,0,0,0,0,6,2,0,1,3,0,9,4,2,2,1,0,11,3,2,2,1,3,10,5,0,4,0,1,8,1,0,1,3,3,7,3,1,1,0,2,5,3,1,1,0,0,3,0,1,2,0,0,6,2,0,2,1,1,5,0,1,3,0,1,4,1,1,1,0,1,2,1,0,0,0,1,3
PUNJAB,066,RAHIM YAR KHAN DISTRICT,SADIQABAD TEHSIL,URBAN,ALL SEXES,261622,18231,6335,7159,6841,7560,7276,18352,7090,6921,7623,6634,7101,15700,6042,6748,5750,6162,5667,28062,5771,5685,6459,4594,5553,24362,4927,5394,4738,4662,4641,21469,4229,4443,4377,4210,4210,18543,3732,4070,3715,3604,3422,15498,2972,3165,3023,3222,3116,12882,2769,2800,2555,2488,2270,10804,2056,2248,2000,2282,2218,9219,1893,2069,1932,1718,1607,6177,1360,1307,1224,1141,1145,5269,1084,1173,1042,1085,885,3359,808,697,666,641,547,2320,546,527,478,438,331,2749
PUNJAB,066,RAHIM YAR KHAN DISTRICT,SADIQABAD TEHSIL,URBAN,MALE,133215,16940,3321,3744,3500,3849,3817,17017,3631,3605,3939,3471,3706,14669,3150,3425,3010,3193,2922,14344,2905,2971,3222,2400,2846,12102,2558,2685,2355,2260,2244,10326,2013,2105,2128,2059,2021,9098,1851,1991,1794,1750,1712,7832,1473,1581,1535,1642,1601,6588,1461,1414,1285,1256,1172,5539,1062,1147,1009,1195,1126,4827,981,1054,1003,940,849,3251,757,667,686,562,579,2697,545,579,552,560,461,1720,422,361,318,327,292,1226,293,262,272,219,180,1382
PUNJAB,066,RAHIM YAR KHAN DISTRICT,SADIQABAD TEHSIL,URBAN,FEMALE,128365,0,3014,3415,3341,3711,3459,0,3459,3316,3684,3163,3395,0,2892,3323,2740,2969,2745,13716,2865,2714,3237,2194,2706,12251,2368,2708,2380,2400,2395,11134,2213,2337,2247,2150,2187,9440,1878,2078,1921,1854,1709,7661,1498,1583,1487,1579,1514,6293,1307,1386,1270,1232,1098,5264,994,1100,991,1087,1092,4389,910,1014,929,778,758,2924,602,640,538,578,566,2572,539,594,490,525,424,1638,386,335,348,314,255,1091,251,264,206,219,151,1366
PUNJAB,066,RAHIM YAR KHAN DISTRICT,SADIQABAD TEHSIL,URBAN,TRANSGENDER,42,0,0,0,0,0,0,0,0,0,0,0,0,0,0,0,0,0,0,2,1,0,0,0,1,9,1,1,3,2,2,9,3,1,2,1,2,5,3,1,0,0,1,5,1,1,1,1,1,1,1,0,0,0,0,1,0,1,0,0,0,3,2,1,0,0,0,2,1,0,0,1,0,0,0,0,0,0,0,1,0,1,0,0,0,3,2,1,0,0,0,1
